{
  "Update Booking" : {
    "transaction" : "Update Booking",
    "sampleCount" : 1400,
    "errorCount" : 0,
    "errorPct" : 0.0,
    "meanResTime" : 4490.466428571427,
    "medianResTime" : 4907.5,
    "minResTime" : 971.0,
    "maxResTime" : 6040.0,
    "pct1ResTime" : 5743.9,
    "pct2ResTime" : 5783.95,
    "pct3ResTime" : 5886.99,
    "throughput" : 105.77213659715927,
    "receivedKBytesPerSec" : 43.3831029011786,
    "sentKBytesPerSec" : 52.26630968570565
  },
  "Delete Booking" : {
    "transaction" : "Delete Booking",
    "sampleCount" : 1400,
    "errorCount" : 0,
    "errorPct" : 0.0,
    "meanResTime" : 3238.484285714279,
    "medianResTime" : 2667.0,
    "minResTime" : 1264.0,
    "maxResTime" : 5917.0,
    "pct1ResTime" : 5706.0,
    "pct2ResTime" : 5772.95,
    "pct3ResTime" : 5857.0,
    "throughput" : 100.1717229536348,
    "receivedKBytesPerSec" : 24.260339152833428,
    "sentKBytesPerSec" : 27.292881546937604
  },
  "Create" : {
    "transaction" : "Create",
    "sampleCount" : 1400,
    "errorCount" : 0,
    "errorPct" : 0.0,
    "meanResTime" : 27529.80285714284,
    "medianResTime" : 32427.5,
    "minResTime" : 2006.0,
    "maxResTime" : 40426.0,
    "pct1ResTime" : 37344.6,
    "pct2ResTime" : 38580.95,
    "pct3ResTime" : 39974.0,
    "throughput" : 34.55766192733017,
    "receivedKBytesPerSec" : 14.983986226303317,
    "sentKBytesPerSec" : 15.76018371099921
  },
  "Total" : {
    "transaction" : "Total",
    "sampleCount" : 8400,
    "errorCount" : 0,
    "errorPct" : 0.0,
    "meanResTime" : 6628.580119047597,
    "medianResTime" : 2524.0,
    "minResTime" : 295.0,
    "maxResTime" : 40426.0,
    "pct1ResTime" : 29707.70000000002,
    "pct2ResTime" : 34568.6,
    "pct3ResTime" : 38262.899999999994,
    "throughput" : 162.1214753054253,
    "receivedKBytesPerSec" : 58.52627477660047,
    "sentKBytesPerSec" : 52.74753078378013
  },
  "Get Updated Booking" : {
    "transaction" : "Get Updated Booking",
    "sampleCount" : 1400,
    "errorCount" : 0,
    "errorPct" : 0.0,
    "meanResTime" : 2270.1228571428587,
    "medianResTime" : 2091.0,
    "minResTime" : 1326.0,
    "maxResTime" : 3706.0,
    "pct1ResTime" : 2993.0,
    "pct2ResTime" : 3448.0,
    "pct3ResTime" : 3656.99,
    "throughput" : 99.73641091401296,
    "receivedKBytesPerSec" : 40.90751228895063,
    "sentKBytesPerSec" : 25.031501567286455
  },
  "Get Booking" : {
    "transaction" : "Get Booking",
    "sampleCount" : 1400,
    "errorCount" : 0,
    "errorPct" : 0.0,
    "meanResTime" : 1923.3335714285734,
    "medianResTime" : 2077.0,
    "minResTime" : 307.0,
    "maxResTime" : 3707.0,
    "pct1ResTime" : 3317.9,
    "pct2ResTime" : 3451.0,
    "pct3ResTime" : 3582.2000000000007,
    "throughput" : 150.44057597249085,
    "receivedKBytesPerSec" : 60.969569363851285,
    "sentKBytesPerSec" : 28.50143724478831
  },
  "Create Token" : {
    "transaction" : "Create Token",
    "sampleCount" : 1400,
    "errorCount" : 0,
    "errorPct" : 0.0,
    "meanResTime" : 319.27071428571446,
    "medianResTime" : 310.0,
    "minResTime" : 295.0,
    "maxResTime" : 1179.0,
    "pct1ResTime" : 341.0,
    "pct2ResTime" : 368.95000000000005,
    "pct3ResTime" : 436.99,
    "throughput" : 150.74835791967269,
    "receivedKBytesPerSec" : 39.895317379132116,
    "sentKBytesPerSec" : 43.57569721115537
  }
}