{
  "Update Booking" : {
    "transaction" : "Update Booking",
    "sampleCount" : 3500,
    "errorCount" : 6,
    "errorPct" : 0.17142858,
    "meanResTime" : 1771.0891428571465,
    "medianResTime" : 882.0,
    "minResTime" : 295.0,
    "maxResTime" : 52045.0,
    "pct1ResTime" : 2452.9,
    "pct2ResTime" : 3974.8999999999996,
    "pct3ResTime" : 26265.76999999993,
    "throughput" : 15.274704652675037,
    "receivedKBytesPerSec" : 6.284126008676032,
    "sentKBytesPerSec" : 7.543487902433915
  },
  "Delete Booking" : {
    "transaction" : "Delete Booking",
    "sampleCount" : 3500,
    "errorCount" : 4,
    "errorPct" : 0.114285715,
    "meanResTime" : 1538.4931428571442,
    "medianResTime" : 853.0,
    "minResTime" : 295.0,
    "maxResTime" : 56989.0,
    "pct1ResTime" : 2296.9,
    "pct2ResTime" : 2976.95,
    "pct3ResTime" : 21268.48999999997,
    "throughput" : 15.32929515900859,
    "receivedKBytesPerSec" : 3.7127176486175166,
    "sentKBytesPerSec" : 4.17658280447265
  },
  "Create" : {
    "transaction" : "Create",
    "sampleCount" : 3500,
    "errorCount" : 3,
    "errorPct" : 0.08571429,
    "meanResTime" : 84850.15400000005,
    "medianResTime" : 83557.0,
    "minResTime" : 1255.0,
    "maxResTime" : 226048.0,
    "pct1ResTime" : 126071.6,
    "pct2ResTime" : 130870.75,
    "pct3ResTime" : 160762.49999999997,
    "throughput" : 15.320303779737804,
    "receivedKBytesPerSec" : 6.667803150511041,
    "sentKBytesPerSec" : 6.980907584371101
  },
  "Total" : {
    "transaction" : "Total",
    "sampleCount" : 21000,
    "errorCount" : 16,
    "errorPct" : 0.07619048,
    "meanResTime" : 16950.032666666637,
    "medianResTime" : 1205.0,
    "minResTime" : 293.0,
    "maxResTime" : 226732.0,
    "pct1ResTime" : 79418.70000000001,
    "pct2ResTime" : 104236.15000000002,
    "pct3ResTime" : 129872.73000000004,
    "throughput" : 68.86149003147953,
    "receivedKBytesPerSec" : 26.031785546670058,
    "sentKBytesPerSec" : 22.396139683278136
  },
  "Get Updated Booking" : {
    "transaction" : "Get Updated Booking",
    "sampleCount" : 3500,
    "errorCount" : 1,
    "errorPct" : 0.028571429,
    "meanResTime" : 1304.1105714285718,
    "medianResTime" : 678.5,
    "minResTime" : 294.0,
    "maxResTime" : 51871.0,
    "pct1ResTime" : 1632.0,
    "pct2ResTime" : 3027.95,
    "pct3ResTime" : 16322.329999999964,
    "throughput" : 15.300345787814805,
    "receivedKBytesPerSec" : 7.021185241286454,
    "sentKBytesPerSec" : 3.839976962050771
  },
  "Get Booking" : {
    "transaction" : "Get Booking",
    "sampleCount" : 3500,
    "errorCount" : 2,
    "errorPct" : 0.057142857,
    "meanResTime" : 10813.824571428559,
    "medianResTime" : 2807.0,
    "minResTime" : 300.0,
    "maxResTime" : 226732.0,
    "pct1ResTime" : 36601.5,
    "pct2ResTime" : 45583.649999999994,
    "pct3ResTime" : 59647.66999999997,
    "throughput" : 15.27270505788355,
    "receivedKBytesPerSec" : 6.961545271843241,
    "sentKBytesPerSec" : 2.8925838607871115
  },
  "Create Token" : {
    "transaction" : "Create Token",
    "sampleCount" : 3500,
    "errorCount" : 0,
    "errorPct" : 0.0,
    "meanResTime" : 1422.524571428573,
    "medianResTime" : 426.0,
    "minResTime" : 293.0,
    "maxResTime" : 50345.0,
    "pct1ResTime" : 2110.7000000000003,
    "pct2ResTime" : 5948.049999999993,
    "pct3ResTime" : 23112.91999999991,
    "throughput" : 15.266443049624662,
    "receivedKBytesPerSec" : 4.040240299265903,
    "sentKBytesPerSec" : 4.412956194032129
  }
}