{
  "Update Booking" : {
    "transaction" : "Update Booking",
    "sampleCount" : 300,
    "errorCount" : 0,
    "errorPct" : 0.0,
    "meanResTime" : 322.2400000000001,
    "medianResTime" : 277.0,
    "minResTime" : 258.0,
    "maxResTime" : 552.0,
    "pct1ResTime" : 432.0,
    "pct2ResTime" : 484.95,
    "pct3ResTime" : 542.8900000000001,
    "throughput" : 40.69451980466631,
    "receivedKBytesPerSec" : 16.691111638632666,
    "sentKBytesPerSec" : 20.108815450352687
  },
  "Delete Booking" : {
    "transaction" : "Delete Booking",
    "sampleCount" : 300,
    "errorCount" : 0,
    "errorPct" : 0.0,
    "meanResTime" : 303.2700000000002,
    "medianResTime" : 270.5,
    "minResTime" : 257.0,
    "maxResTime" : 499.0,
    "pct1ResTime" : 435.0,
    "pct2ResTime" : 467.9,
    "pct3ResTime" : 481.99,
    "throughput" : 41.35079255685734,
    "receivedKBytesPerSec" : 10.014645072363887,
    "sentKBytesPerSec" : 11.266475706409373
  },
  "Create" : {
    "transaction" : "Create",
    "sampleCount" : 300,
    "errorCount" : 0,
    "errorPct" : 0.0,
    "meanResTime" : 1464.9033333333325,
    "medianResTime" : 1145.0,
    "minResTime" : 1048.0,
    "maxResTime" : 3536.0,
    "pct1ResTime" : 2758.100000000001,
    "pct2ResTime" : 3239.699999999999,
    "pct3ResTime" : 3534.98,
    "throughput" : 27.852567078265714,
    "receivedKBytesPerSec" : 12.076699006591774,
    "sentKBytesPerSec" : 12.702293774951258
  },
  "Total" : {
    "transaction" : "Total",
    "sampleCount" : 1800,
    "errorCount" : 0,
    "errorPct" : 0.0,
    "meanResTime" : 488.558333333333,
    "medianResTime" : 276.0,
    "minResTime" : 256.0,
    "maxResTime" : 3536.0,
    "pct1ResTime" : 1104.0,
    "pct2ResTime" : 1253.9499999999998,
    "pct3ResTime" : 3140.5200000000004,
    "throughput" : 148.9696267483241,
    "receivedKBytesPerSec" : 53.77842319788132,
    "sentKBytesPerSec" : 48.468470681949846
  },
  "Get Updated Booking" : {
    "transaction" : "Get Updated Booking",
    "sampleCount" : 300,
    "errorCount" : 0,
    "errorPct" : 0.0,
    "meanResTime" : 284.96333333333354,
    "medianResTime" : 270.5,
    "minResTime" : 257.0,
    "maxResTime" : 476.0,
    "pct1ResTime" : 333.0,
    "pct2ResTime" : 342.95,
    "pct3ResTime" : 429.3700000000006,
    "throughput" : 40.866366979975474,
    "receivedKBytesPerSec" : 16.76159583163057,
    "sentKBytesPerSec" : 10.256500306497752
  },
  "Get Booking" : {
    "transaction" : "Get Booking",
    "sampleCount" : 300,
    "errorCount" : 0,
    "errorPct" : 0.0,
    "meanResTime" : 278.23,
    "medianResTime" : 269.5,
    "minResTime" : 256.0,
    "maxResTime" : 456.0,
    "pct1ResTime" : 294.90000000000003,
    "pct2ResTime" : 351.0,
    "pct3ResTime" : 446.7600000000002,
    "throughput" : 40.39859951521681,
    "receivedKBytesPerSec" : 16.37247929571775,
    "sentKBytesPerSec" : 7.653640923781309
  },
  "Create Token" : {
    "transaction" : "Create Token",
    "sampleCount" : 300,
    "errorCount" : 0,
    "errorPct" : 0.0,
    "meanResTime" : 277.7433333333332,
    "medianResTime" : 272.0,
    "minResTime" : 256.0,
    "maxResTime" : 356.0,
    "pct1ResTime" : 303.90000000000003,
    "pct2ResTime" : 321.0,
    "pct3ResTime" : 351.98,
    "throughput" : 40.43671653861706,
    "receivedKBytesPerSec" : 10.701513849575415,
    "sentKBytesPerSec" : 11.688738374443997
  }
}