{
  "Update Booking" : {
    "transaction" : "Update Booking",
    "sampleCount" : 400,
    "errorCount" : 0,
    "errorPct" : 0.0,
    "meanResTime" : 292.7675000000001,
    "medianResTime" : 274.0,
    "minResTime" : 258.0,
    "maxResTime" : 504.0,
    "pct1ResTime" : 388.90000000000003,
    "pct2ResTime" : 395.0,
    "pct3ResTime" : 425.96000000000004,
    "throughput" : 51.170525777152356,
    "receivedKBytesPerSec" : 20.98791096328515,
    "sentKBytesPerSec" : 25.28543558910068
  },
  "Delete Booking" : {
    "transaction" : "Delete Booking",
    "sampleCount" : 400,
    "errorCount" : 0,
    "errorPct" : 0.0,
    "meanResTime" : 283.0350000000001,
    "medianResTime" : 273.0,
    "minResTime" : 258.0,
    "maxResTime" : 495.0,
    "pct1ResTime" : 301.0,
    "pct2ResTime" : 368.84999999999997,
    "pct3ResTime" : 485.4200000000005,
    "throughput" : 51.31494547787043,
    "receivedKBytesPerSec" : 12.427838357921745,
    "sentKBytesPerSec" : 13.981318152661963
  },
  "Create" : {
    "transaction" : "Create",
    "sampleCount" : 400,
    "errorCount" : 0,
    "errorPct" : 0.0,
    "meanResTime" : 1336.5375000000001,
    "medianResTime" : 1100.0,
    "minResTime" : 1044.0,
    "maxResTime" : 3065.0,
    "pct1ResTime" : 2275.9000000000005,
    "pct2ResTime" : 2779.4999999999995,
    "pct3ResTime" : 3053.0,
    "throughput" : 37.00277520814061,
    "receivedKBytesPerSec" : 16.044172062904718,
    "sentKBytesPerSec" : 16.87528908418131
  },
  "Total" : {
    "transaction" : "Total",
    "sampleCount" : 2400,
    "errorCount" : 0,
    "errorPct" : 0.0,
    "meanResTime" : 457.0029166666664,
    "medianResTime" : 275.0,
    "minResTime" : 256.0,
    "maxResTime" : 3065.0,
    "pct1ResTime" : 1090.0,
    "pct2ResTime" : 1163.9499999999998,
    "pct3ResTime" : 2681.7499999999945,
    "throughput" : 197.3684210526316,
    "receivedKBytesPerSec" : 71.25051398026315,
    "sentKBytesPerSec" : 64.21540912828948
  },
  "Get Updated Booking" : {
    "transaction" : "Get Updated Booking",
    "sampleCount" : 400,
    "errorCount" : 0,
    "errorPct" : 0.0,
    "meanResTime" : 271.1974999999998,
    "medianResTime" : 267.0,
    "minResTime" : 256.0,
    "maxResTime" : 455.0,
    "pct1ResTime" : 286.90000000000003,
    "pct2ResTime" : 294.9,
    "pct3ResTime" : 321.99,
    "throughput" : 51.22294788065053,
    "receivedKBytesPerSec" : 21.00941221667307,
    "sentKBytesPerSec" : 12.855759380202331
  },
  "Get Booking" : {
    "transaction" : "Get Booking",
    "sampleCount" : 400,
    "errorCount" : 0,
    "errorPct" : 0.0,
    "meanResTime" : 284.45749999999964,
    "medianResTime" : 275.0,
    "minResTime" : 257.0,
    "maxResTime" : 698.0,
    "pct1ResTime" : 318.90000000000003,
    "pct2ResTime" : 327.9,
    "pct3ResTime" : 360.8600000000001,
    "throughput" : 51.16398055768739,
    "receivedKBytesPerSec" : 20.735402276797135,
    "sentKBytesPerSec" : 9.693176004093118
  },
  "Create Token" : {
    "transaction" : "Create Token",
    "sampleCount" : 400,
    "errorCount" : 0,
    "errorPct" : 0.0,
    "meanResTime" : 274.0224999999996,
    "medianResTime" : 268.0,
    "minResTime" : 256.0,
    "maxResTime" : 452.0,
    "pct1ResTime" : 297.0,
    "pct2ResTime" : 303.0,
    "pct3ResTime" : 369.94000000000005,
    "throughput" : 51.22294788065053,
    "receivedKBytesPerSec" : 13.5560731207581,
    "sentKBytesPerSec" : 14.806633371750545
  }
}