{
  "Update Booking" : {
    "transaction" : "Update Booking",
    "sampleCount" : 500,
    "errorCount" : 0,
    "errorPct" : 0.0,
    "meanResTime" : 330.89000000000016,
    "medianResTime" : 316.0,
    "minResTime" : 295.0,
    "maxResTime" : 560.0,
    "pct1ResTime" : 376.90000000000003,
    "pct2ResTime" : 410.0,
    "pct3ResTime" : 426.99,
    "throughput" : 67.60411032990805,
    "receivedKBytesPerSec" : 27.72824837750135,
    "sentKBytesPerSec" : 33.395506228028665
  },
  "Delete Booking" : {
    "transaction" : "Delete Booking",
    "sampleCount" : 500,
    "errorCount" : 0,
    "errorPct" : 0.0,
    "meanResTime" : 332.83599999999984,
    "medianResTime" : 312.0,
    "minResTime" : 295.0,
    "maxResTime" : 626.0,
    "pct1ResTime" : 396.90000000000003,
    "pct2ResTime" : 403.95,
    "pct3ResTime" : 579.8800000000001,
    "throughput" : 67.49460043196544,
    "receivedKBytesPerSec" : 16.34634854211663,
    "sentKBytesPerSec" : 18.379227903955183
  },
  "Create" : {
    "transaction" : "Create",
    "sampleCount" : 500,
    "errorCount" : 0,
    "errorPct" : 0.0,
    "meanResTime" : 1652.7939999999996,
    "medianResTime" : 1280.0,
    "minResTime" : 1202.0,
    "maxResTime" : 3970.0,
    "pct1ResTime" : 3133.5000000000005,
    "pct2ResTime" : 3625.2499999999995,
    "pct3ResTime" : 3965.0,
    "throughput" : 44.859142293199355,
    "receivedKBytesPerSec" : 19.443722103220885,
    "sentKBytesPerSec" : 20.458222120043065
  },
  "Total" : {
    "transaction" : "Total",
    "sampleCount" : 3000,
    "errorCount" : 0,
    "errorPct" : 0.0,
    "meanResTime" : 546.1773333333323,
    "medianResTime" : 315.0,
    "minResTime" : 293.0,
    "maxResTime" : 3970.0,
    "pct1ResTime" : 1264.0,
    "pct2ResTime" : 1378.8999999999996,
    "pct3ResTime" : 3503.9699999999993,
    "throughput" : 236.5744026496333,
    "receivedKBytesPerSec" : 85.39789165385223,
    "sentKBytesPerSec" : 76.94705662014037
  },
  "Get Updated Booking" : {
    "transaction" : "Get Updated Booking",
    "sampleCount" : 500,
    "errorCount" : 0,
    "errorPct" : 0.0,
    "meanResTime" : 331.73999999999967,
    "medianResTime" : 313.5,
    "minResTime" : 293.0,
    "maxResTime" : 439.0,
    "pct1ResTime" : 397.0,
    "pct2ResTime" : 404.0,
    "pct3ResTime" : 415.99,
    "throughput" : 67.55843804891231,
    "receivedKBytesPerSec" : 27.70951560599919,
    "sentKBytesPerSec" : 16.94516049351439
  },
  "Get Booking" : {
    "transaction" : "Get Booking",
    "sampleCount" : 500,
    "errorCount" : 0,
    "errorPct" : 0.0,
    "meanResTime" : 318.4060000000002,
    "medianResTime" : 309.0,
    "minResTime" : 293.0,
    "maxResTime" : 461.0,
    "pct1ResTime" : 345.0,
    "pct2ResTime" : 382.0,
    "pct3ResTime" : 442.95000000000005,
    "throughput" : 67.54931099702783,
    "receivedKBytesPerSec" : 27.375941468522022,
    "sentKBytesPerSec" : 12.787005412388543
  },
  "Create Token" : {
    "transaction" : "Create Token",
    "sampleCount" : 500,
    "errorCount" : 0,
    "errorPct" : 0.0,
    "meanResTime" : 310.3979999999999,
    "medianResTime" : 306.0,
    "minResTime" : 294.0,
    "maxResTime" : 434.0,
    "pct1ResTime" : 324.0,
    "pct2ResTime" : 334.95,
    "pct3ResTime" : 384.98,
    "throughput" : 67.50371270419873,
    "receivedKBytesPerSec" : 17.864752092615095,
    "sentKBytesPerSec" : 19.512791953557446
  }
}