{
  "Update Booking" : {
    "transaction" : "Update Booking",
    "sampleCount" : 700,
    "errorCount" : 0,
    "errorPct" : 0.0,
    "meanResTime" : 872.255714285714,
    "medianResTime" : 870.5,
    "minResTime" : 303.0,
    "maxResTime" : 1399.0,
    "pct1ResTime" : 1140.9,
    "pct2ResTime" : 1169.9499999999998,
    "pct3ResTime" : 1311.97,
    "throughput" : 92.49471458773785,
    "receivedKBytesPerSec" : 37.93728528012685,
    "sentKBytesPerSec" : 45.7053960755814
  },
  "Delete Booking" : {
    "transaction" : "Delete Booking",
    "sampleCount" : 700,
    "errorCount" : 0,
    "errorPct" : 0.0,
    "meanResTime" : 859.7071428571445,
    "medianResTime" : 932.0,
    "minResTime" : 301.0,
    "maxResTime" : 2103.0,
    "pct1ResTime" : 1167.9,
    "pct2ResTime" : 1200.85,
    "pct3ResTime" : 1694.4500000000023,
    "throughput" : 93.40805978115826,
    "receivedKBytesPerSec" : 22.622264478249267,
    "sentKBytesPerSec" : 25.450047538030425
  },
  "Create" : {
    "transaction" : "Create",
    "sampleCount" : 700,
    "errorCount" : 0,
    "errorPct" : 0.0,
    "meanResTime" : 2155.7628571428554,
    "medianResTime" : 1775.5,
    "minResTime" : 1215.0,
    "maxResTime" : 4840.0,
    "pct1ResTime" : 3786.999999999999,
    "pct2ResTime" : 4203.299999999999,
    "pct3ResTime" : 4502.9400000000005,
    "throughput" : 60.57983556901774,
    "receivedKBytesPerSec" : 26.267038078753785,
    "sentKBytesPerSec" : 27.62771797922977
  },
  "Total" : {
    "transaction" : "Total",
    "sampleCount" : 4200,
    "errorCount" : 0,
    "errorPct" : 0.0,
    "meanResTime" : 897.8145238095246,
    "medianResTime" : 710.0,
    "minResTime" : 298.0,
    "maxResTime" : 4840.0,
    "pct1ResTime" : 1710.0,
    "pct2ResTime" : 2248.8499999999995,
    "pct3ResTime" : 4103.98,
    "throughput" : 307.3995462197175,
    "receivedKBytesPerSec" : 110.97203670496963,
    "sentKBytesPerSec" : 100.01492397350509
  },
  "Get Updated Booking" : {
    "transaction" : "Get Updated Booking",
    "sampleCount" : 700,
    "errorCount" : 0,
    "errorPct" : 0.0,
    "meanResTime" : 624.8557142857146,
    "medianResTime" : 618.5,
    "minResTime" : 303.0,
    "maxResTime" : 1354.0,
    "pct1ResTime" : 781.9,
    "pct2ResTime" : 794.8999999999999,
    "pct3ResTime" : 1148.99,
    "throughput" : 92.0568122041031,
    "receivedKBytesPerSec" : 37.757676880589166,
    "sentKBytesPerSec" : 23.104102281693844
  },
  "Get Booking" : {
    "transaction" : "Get Booking",
    "sampleCount" : 700,
    "errorCount" : 0,
    "errorPct" : 0.0,
    "meanResTime" : 547.3157142857139,
    "medianResTime" : 519.5,
    "minResTime" : 299.0,
    "maxResTime" : 1659.0,
    "pct1ResTime" : 747.6999999999999,
    "pct2ResTime" : 774.8999999999999,
    "pct3ResTime" : 1191.97,
    "throughput" : 94.87666034155598,
    "receivedKBytesPerSec" : 38.45099027514232,
    "sentKBytesPerSec" : 17.974679791271345
  },
  "Create Token" : {
    "transaction" : "Create Token",
    "sampleCount" : 700,
    "errorCount" : 0,
    "errorPct" : 0.0,
    "meanResTime" : 326.9900000000004,
    "medianResTime" : 316.0,
    "minResTime" : 298.0,
    "maxResTime" : 1349.0,
    "pct1ResTime" : 348.0,
    "pct2ResTime" : 376.0,
    "pct3ResTime" : 506.30000000000064,
    "throughput" : 95.06994431617548,
    "receivedKBytesPerSec" : 25.160112216487843,
    "sentKBytesPerSec" : 27.481155778894472
  }
}