{
  "Update Booking" : {
    "transaction" : "Update Booking",
    "sampleCount" : 200,
    "errorCount" : 0,
    "errorPct" : 0.0,
    "meanResTime" : 310.74999999999994,
    "medianResTime" : 304.0,
    "minResTime" : 295.0,
    "maxResTime" : 522.0,
    "pct1ResTime" : 331.9,
    "pct2ResTime" : 347.9,
    "pct3ResTime" : 420.7900000000002,
    "throughput" : 26.195153896529142,
    "receivedKBytesPerSec" : 10.74410609037328,
    "sentKBytesPerSec" : 12.918508513425017
  },
  "Delete Booking" : {
    "transaction" : "Delete Booking",
    "sampleCount" : 200,
    "errorCount" : 0,
    "errorPct" : 0.0,
    "meanResTime" : 311.3299999999998,
    "medianResTime" : 305.0,
    "minResTime" : 295.0,
    "maxResTime" : 413.0,
    "pct1ResTime" : 333.0,
    "pct2ResTime" : 345.0,
    "pct3ResTime" : 389.93000000000006,
    "throughput" : 26.174584478471406,
    "receivedKBytesPerSec" : 6.339157178379793,
    "sentKBytesPerSec" : 7.10599070802251
  },
  "Create" : {
    "transaction" : "Create",
    "sampleCount" : 200,
    "errorCount" : 0,
    "errorPct" : 0.0,
    "meanResTime" : 1561.0249999999996,
    "medianResTime" : 1261.0,
    "minResTime" : 1192.0,
    "maxResTime" : 3520.0,
    "pct1ResTime" : 2726.0000000000005,
    "pct2ResTime" : 3367.2499999999995,
    "pct3ResTime" : 3516.060000000001,
    "throughput" : 18.31334126911455,
    "receivedKBytesPerSec" : 7.9226661935720175,
    "sentKBytesPerSec" : 8.35188512956689
  },
  "Total" : {
    "transaction" : "Total",
    "sampleCount" : 1200,
    "errorCount" : 0,
    "errorPct" : 0.0,
    "meanResTime" : 519.2258333333338,
    "medianResTime" : 306.0,
    "minResTime" : 293.0,
    "maxResTime" : 3520.0,
    "pct1ResTime" : 1242.0,
    "pct2ResTime" : 1351.95,
    "pct3ResTime" : 3176.4900000000007,
    "throughput" : 96.56393337088598,
    "receivedKBytesPerSec" : 34.84411462943591,
    "sentKBytesPerSec" : 31.35498813068319
  },
  "Get Updated Booking" : {
    "transaction" : "Get Updated Booking",
    "sampleCount" : 200,
    "errorCount" : 0,
    "errorPct" : 0.0,
    "meanResTime" : 310.97999999999985,
    "medianResTime" : 303.0,
    "minResTime" : 294.0,
    "maxResTime" : 438.0,
    "pct1ResTime" : 333.8,
    "pct2ResTime" : 359.6499999999999,
    "pct3ResTime" : 424.8100000000002,
    "throughput" : 26.19858527639507,
    "receivedKBytesPerSec" : 10.745513492271417,
    "sentKBytesPerSec" : 6.549646319098768
  },
  "Get Booking" : {
    "transaction" : "Get Booking",
    "sampleCount" : 200,
    "errorCount" : 0,
    "errorPct" : 0.0,
    "meanResTime" : 311.37000000000006,
    "medianResTime" : 305.5,
    "minResTime" : 293.0,
    "maxResTime" : 413.0,
    "pct1ResTime" : 331.9,
    "pct2ResTime" : 346.95,
    "pct3ResTime" : 409.94000000000005,
    "throughput" : 26.102845210127903,
    "receivedKBytesPerSec" : 10.578789806838946,
    "sentKBytesPerSec" : 4.919774536674497
  },
  "Create Token" : {
    "transaction" : "Create Token",
    "sampleCount" : 200,
    "errorCount" : 0,
    "errorPct" : 0.0,
    "meanResTime" : 309.9,
    "medianResTime" : 303.0,
    "minResTime" : 294.0,
    "maxResTime" : 433.0,
    "pct1ResTime" : 332.70000000000005,
    "pct2ResTime" : 354.95,
    "pct3ResTime" : 422.0,
    "throughput" : 26.20888481195125,
    "receivedKBytesPerSec" : 6.93614041410038,
    "sentKBytesPerSec" : 7.576005765954658
  }
}