{
  "Update Booking" : {
    "transaction" : "Update Booking",
    "sampleCount" : 1800,
    "errorCount" : 0,
    "errorPct" : 0.0,
    "meanResTime" : 5654.482777777769,
    "medianResTime" : 6680.5,
    "minResTime" : 281.0,
    "maxResTime" : 9600.0,
    "pct1ResTime" : 7729.0,
    "pct2ResTime" : 7756.0,
    "pct3ResTime" : 8200.99,
    "throughput" : 62.76807197405586,
    "receivedKBytesPerSec" : 25.74471702060885,
    "sentKBytesPerSec" : 31.01625431530495
  },
  "Delete Booking" : {
    "transaction" : "Delete Booking",
    "sampleCount" : 1800,
    "errorCount" : 0,
    "errorPct" : 0.0,
    "meanResTime" : 5114.721666666674,
    "medianResTime" : 5691.5,
    "minResTime" : 273.0,
    "maxResTime" : 8081.0,
    "pct1ResTime" : 7180.0,
    "pct2ResTime" : 7731.9,
    "pct3ResTime" : 8045.0,
    "throughput" : 64.35466571326421,
    "receivedKBytesPerSec" : 15.585895602431178,
    "sentKBytesPerSec" : 17.534132552735073
  },
  "Create" : {
    "transaction" : "Create",
    "sampleCount" : 1800,
    "errorCount" : 0,
    "errorPct" : 0.0,
    "meanResTime" : 6115.208333333329,
    "medianResTime" : 6508.0,
    "minResTime" : 1126.0,
    "maxResTime" : 14708.0,
    "pct1ResTime" : 9355.9,
    "pct2ResTime" : 9926.849999999999,
    "pct3ResTime" : 11661.310000000001,
    "throughput" : 62.06040546131568,
    "receivedKBytesPerSec" : 26.909003930492343,
    "sentKBytesPerSec" : 28.302938818783616
  },
  "Total" : {
    "transaction" : "Total",
    "sampleCount" : 10800,
    "errorCount" : 0,
    "errorPct" : 0.0,
    "meanResTime" : 3831.6173148148173,
    "medianResTime" : 3878.0,
    "minResTime" : 258.0,
    "maxResTime" : 14708.0,
    "pct1ResTime" : 7685.0,
    "pct2ResTime" : 8063.899999999998,
    "pct3ResTime" : 9801.879999999997,
    "throughput" : 258.6950273066973,
    "receivedKBytesPerSec" : 93.38957854268469,
    "sentKBytesPerSec" : 84.16851555763151
  },
  "Get Updated Booking" : {
    "transaction" : "Get Updated Booking",
    "sampleCount" : 1800,
    "errorCount" : 0,
    "errorPct" : 0.0,
    "meanResTime" : 3232.647222222224,
    "medianResTime" : 3987.0,
    "minResTime" : 275.0,
    "maxResTime" : 6246.0,
    "pct1ResTime" : 4436.0,
    "pct2ResTime" : 4472.9,
    "pct3ResTime" : 4501.99,
    "throughput" : 62.59780907668232,
    "receivedKBytesPerSec" : 25.674882629107984,
    "sentKBytesPerSec" : 15.710582942097027
  },
  "Get Booking" : {
    "transaction" : "Get Booking",
    "sampleCount" : 1800,
    "errorCount" : 0,
    "errorPct" : 0.0,
    "meanResTime" : 2021.0011111111103,
    "medianResTime" : 1665.0,
    "minResTime" : 267.0,
    "maxResTime" : 6456.0,
    "pct1ResTime" : 4263.0,
    "pct2ResTime" : 4353.849999999999,
    "pct3ResTime" : 4683.830000000001,
    "throughput" : 77.69337016574586,
    "receivedKBytesPerSec" : 31.48705919803177,
    "sentKBytesPerSec" : 14.719251769682321
  },
  "Create Token" : {
    "transaction" : "Create Token",
    "sampleCount" : 1800,
    "errorCount" : 0,
    "errorPct" : 0.0,
    "meanResTime" : 851.642777777778,
    "medianResTime" : 297.5,
    "minResTime" : 258.0,
    "maxResTime" : 5283.0,
    "pct1ResTime" : 2458.0,
    "pct2ResTime" : 2887.8499999999995,
    "pct3ResTime" : 4401.99,
    "throughput" : 77.71014117342314,
    "receivedKBytesPerSec" : 20.565867439450848,
    "sentKBytesPerSec" : 22.463087682942625
  }
}