{
  "Update Booking" : {
    "transaction" : "Update Booking",
    "sampleCount" : 900,
    "errorCount" : 0,
    "errorPct" : 0.0,
    "meanResTime" : 1094.2522222222228,
    "medianResTime" : 872.0,
    "minResTime" : 291.0,
    "maxResTime" : 19955.0,
    "pct1ResTime" : 1472.0,
    "pct2ResTime" : 1485.0,
    "pct3ResTime" : 18261.85000000001,
    "throughput" : 23.348726197270793,
    "receivedKBytesPerSec" : 9.576625979349348,
    "sentKBytesPerSec" : 11.537554156073263
  },
  "Delete Booking" : {
    "transaction" : "Delete Booking",
    "sampleCount" : 900,
    "errorCount" : 0,
    "errorPct" : 0.0,
    "meanResTime" : 846.2733333333332,
    "medianResTime" : 740.0,
    "minResTime" : 290.0,
    "maxResTime" : 19221.0,
    "pct1ResTime" : 1412.0,
    "pct2ResTime" : 1469.0,
    "pct3ResTime" : 1504.94,
    "throughput" : 23.300970873786408,
    "receivedKBytesPerSec" : 5.643203883495145,
    "sentKBytesPerSec" : 6.348604368932039
  },
  "Create" : {
    "transaction" : "Create",
    "sampleCount" : 900,
    "errorCount" : 0,
    "errorPct" : 0.0,
    "meanResTime" : 21210.604444444445,
    "medianResTime" : 18075.5,
    "minResTime" : 1235.0,
    "maxResTime" : 49302.0,
    "pct1ResTime" : 39189.7,
    "pct2ResTime" : 42879.99999999999,
    "pct3ResTime" : 46326.39,
    "throughput" : 17.46894409937888,
    "receivedKBytesPerSec" : 7.574424980590062,
    "sentKBytesPerSec" : 7.966793842197204
  },
  "Total" : {
    "transaction" : "Total",
    "sampleCount" : 5400,
    "errorCount" : 0,
    "errorPct" : 0.0,
    "meanResTime" : 4215.216111111114,
    "medianResTime" : 563.0,
    "minResTime" : 286.0,
    "maxResTime" : 49302.0,
    "pct1ResTime" : 16179.800000000001,
    "pct2ResTime" : 30716.5,
    "pct3ResTime" : 42176.909999999996,
    "throughput" : 99.75615162935047,
    "receivedKBytesPerSec" : 36.012230519840394,
    "sentKBytesPerSec" : 32.45646925570827
  },
  "Get Updated Booking" : {
    "transaction" : "Get Updated Booking",
    "sampleCount" : 900,
    "errorCount" : 0,
    "errorPct" : 0.0,
    "meanResTime" : 833.7066666666663,
    "medianResTime" : 555.5,
    "minResTime" : 290.0,
    "maxResTime" : 19670.0,
    "pct1ResTime" : 867.8999999999997,
    "pct2ResTime" : 1010.0,
    "pct3ResTime" : 13649.270000000004,
    "throughput" : 23.260021192463753,
    "receivedKBytesPerSec" : 9.540243067221462,
    "sentKBytesPerSec" : 5.837720162561704
  },
  "Get Booking" : {
    "transaction" : "Get Booking",
    "sampleCount" : 900,
    "errorCount" : 0,
    "errorPct" : 0.0,
    "meanResTime" : 826.8000000000004,
    "medianResTime" : 335.0,
    "minResTime" : 289.0,
    "maxResTime" : 19279.0,
    "pct1ResTime" : 886.0,
    "pct2ResTime" : 1037.0,
    "pct3ResTime" : 15349.180000000002,
    "throughput" : 23.632591970170417,
    "receivedKBytesPerSec" : 9.577661784785862,
    "sentKBytesPerSec" : 4.4772684005986925
  },
  "Create Token" : {
    "transaction" : "Create Token",
    "sampleCount" : 900,
    "errorCount" : 0,
    "errorPct" : 0.0,
    "meanResTime" : 479.6599999999998,
    "medianResTime" : 308.0,
    "minResTime" : 286.0,
    "maxResTime" : 20027.0,
    "pct1ResTime" : 337.0,
    "pct2ResTime" : 368.0,
    "pct3ResTime" : 8380.51000000005,
    "throughput" : 23.646873357856016,
    "receivedKBytesPerSec" : 6.258108085916973,
    "sentKBytesPerSec" : 6.835424330005255
  }
}