{
  "Update Booking" : {
    "transaction" : "Update Booking",
    "sampleCount" : 800,
    "errorCount" : 0,
    "errorPct" : 0.0,
    "meanResTime" : 362.80250000000007,
    "medianResTime" : 329.0,
    "minResTime" : 294.0,
    "maxResTime" : 1422.0,
    "pct1ResTime" : 451.69999999999993,
    "pct2ResTime" : 478.0,
    "pct3ResTime" : 769.2800000000007,
    "throughput" : 95.24943445648292,
    "receivedKBytesPerSec" : 39.06715085129183,
    "sentKBytesPerSec" : 47.066615073223005
  },
  "Delete Booking" : {
    "transaction" : "Delete Booking",
    "sampleCount" : 800,
    "errorCount" : 0,
    "errorPct" : 0.0,
    "meanResTime" : 344.33624999999984,
    "medianResTime" : 330.0,
    "minResTime" : 293.0,
    "maxResTime" : 1185.0,
    "pct1ResTime" : 402.0,
    "pct2ResTime" : 421.94999999999993,
    "pct3ResTime" : 667.94,
    "throughput" : 96.40877319836105,
    "receivedKBytesPerSec" : 23.348999758978067,
    "sentKBytesPerSec" : 26.267624728850326
  },
  "Create" : {
    "transaction" : "Create",
    "sampleCount" : 800,
    "errorCount" : 0,
    "errorPct" : 0.0,
    "meanResTime" : 2020.0425000000016,
    "medianResTime" : 1544.5,
    "minResTime" : 1203.0,
    "maxResTime" : 6325.0,
    "pct1ResTime" : 3424.9,
    "pct2ResTime" : 3969.8999999999996,
    "pct3ResTime" : 5095.740000000002,
    "throughput" : 66.42311524410495,
    "receivedKBytesPerSec" : 28.800647625373628,
    "sentKBytesPerSec" : 30.29257306542677
  },
  "Total" : {
    "transaction" : "Total",
    "sampleCount" : 4800,
    "errorCount" : 0,
    "errorPct" : 0.0,
    "meanResTime" : 632.6847916666674,
    "medianResTime" : 336.0,
    "minResTime" : 293.0,
    "maxResTime" : 6325.0,
    "pct1ResTime" : 1468.0,
    "pct2ResTime" : 2281.95,
    "pct3ResTime" : 3880.9799999999996,
    "throughput" : 354.16512949162546,
    "receivedKBytesPerSec" : 127.8545340515015,
    "sentKBytesPerSec" : 115.23048402567696
  },
  "Get Updated Booking" : {
    "transaction" : "Get Updated Booking",
    "sampleCount" : 800,
    "errorCount" : 0,
    "errorPct" : 0.0,
    "meanResTime" : 384.10625000000016,
    "medianResTime" : 325.0,
    "minResTime" : 294.0,
    "maxResTime" : 1585.0,
    "pct1ResTime" : 404.9,
    "pct2ResTime" : 873.7999999999861,
    "pct3ResTime" : 1568.0,
    "throughput" : 96.22323791195574,
    "receivedKBytesPerSec" : 39.4665624248256,
    "sentKBytesPerSec" : 24.14977748376233
  },
  "Get Booking" : {
    "transaction" : "Get Booking",
    "sampleCount" : 800,
    "errorCount" : 0,
    "errorPct" : 0.0,
    "meanResTime" : 344.3287499999999,
    "medianResTime" : 329.0,
    "minResTime" : 293.0,
    "maxResTime" : 1656.0,
    "pct1ResTime" : 381.9,
    "pct2ResTime" : 395.0,
    "pct3ResTime" : 697.97,
    "throughput" : 94.65215333648841,
    "receivedKBytesPerSec" : 38.36000354945575,
    "sentKBytesPerSec" : 17.932146237576905
  },
  "Create Token" : {
    "transaction" : "Create Token",
    "sampleCount" : 800,
    "errorCount" : 0,
    "errorPct" : 0.0,
    "meanResTime" : 340.4924999999996,
    "medianResTime" : 317.0,
    "minResTime" : 294.0,
    "maxResTime" : 1552.0,
    "pct1ResTime" : 364.0,
    "pct2ResTime" : 382.6499999999995,
    "pct3ResTime" : 1299.98,
    "throughput" : 95.26077637532745,
    "receivedKBytesPerSec" : 25.210615622767328,
    "sentKBytesPerSec" : 27.536318170993095
  }
}