{
  "Update Booking" : {
    "transaction" : "Update Booking",
    "sampleCount" : 3000,
    "errorCount" : 0,
    "errorPct" : 0.0,
    "meanResTime" : 915.089,
    "medianResTime" : 457.0,
    "minResTime" : 294.0,
    "maxResTime" : 35841.0,
    "pct1ResTime" : 1528.9,
    "pct2ResTime" : 2497.699999999999,
    "pct3ResTime" : 7969.99,
    "throughput" : 49.20694802106057,
    "receivedKBytesPerSec" : 20.182537274263126,
    "sentKBytesPerSec" : 24.304548208457035
  },
  "Delete Booking" : {
    "transaction" : "Delete Booking",
    "sampleCount" : 3000,
    "errorCount" : 0,
    "errorPct" : 0.0,
    "meanResTime" : 866.5603333333326,
    "medianResTime" : 444.0,
    "minResTime" : 294.0,
    "maxResTime" : 31270.0,
    "pct1ResTime" : 1505.0,
    "pct2ResTime" : 2537.0499999999965,
    "pct3ResTime" : 7863.0899999999365,
    "throughput" : 49.08216354176892,
    "receivedKBytesPerSec" : 11.88708648277216,
    "sentKBytesPerSec" : 13.362395342511698
  },
  "Create" : {
    "transaction" : "Create",
    "sampleCount" : 3000,
    "errorCount" : 0,
    "errorPct" : 0.0,
    "meanResTime" : 40183.29233333342,
    "medianResTime" : 40628.5,
    "minResTime" : 1249.0,
    "maxResTime" : 81956.0,
    "pct1ResTime" : 58906.8,
    "pct2ResTime" : 63074.24999999998,
    "pct3ResTime" : 72191.77999999996,
    "throughput" : 34.41866868589523,
    "receivedKBytesPerSec" : 14.916302581686972,
    "sentKBytesPerSec" : 15.696795191711983
  },
  "Total" : {
    "transaction" : "Total",
    "sampleCount" : 18000,
    "errorCount" : 0,
    "errorPct" : 0.0,
    "meanResTime" : 7497.115166666669,
    "medianResTime" : 502.0,
    "minResTime" : 293.0,
    "maxResTime" : 81956.0,
    "pct1ResTime" : 36650.7,
    "pct2ResTime" : 49899.95,
    "pct3ResTime" : 61975.3600000001,
    "throughput" : 200.38741567029592,
    "receivedKBytesPerSec" : 72.33318182513972,
    "sentKBytesPerSec" : 65.16887510297687
  },
  "Get Updated Booking" : {
    "transaction" : "Get Updated Booking",
    "sampleCount" : 3000,
    "errorCount" : 0,
    "errorPct" : 0.0,
    "meanResTime" : 955.0116666666671,
    "medianResTime" : 442.0,
    "minResTime" : 293.0,
    "maxResTime" : 34533.0,
    "pct1ResTime" : 1494.0,
    "pct2ResTime" : 2657.099999999993,
    "pct3ResTime" : 12368.309999999723,
    "throughput" : 49.1489047985714,
    "receivedKBytesPerSec" : 20.158730483789054,
    "sentKBytesPerSec" : 12.324631843984992
  },
  "Get Booking" : {
    "transaction" : "Get Booking",
    "sampleCount" : 3000,
    "errorCount" : 0,
    "errorPct" : 0.0,
    "meanResTime" : 1177.725999999998,
    "medianResTime" : 494.0,
    "minResTime" : 295.0,
    "maxResTime" : 28663.0,
    "pct1ResTime" : 1945.6000000000004,
    "pct2ResTime" : 3881.0999999999894,
    "pct3ResTime" : 13457.089999999958,
    "throughput" : 49.15051526123499,
    "receivedKBytesPerSec" : 19.919398274816913,
    "sentKBytesPerSec" : 9.30112703155463
  },
  "Create Token" : {
    "transaction" : "Create Token",
    "sampleCount" : 3000,
    "errorCount" : 0,
    "errorPct" : 0.0,
    "meanResTime" : 885.0116666666678,
    "medianResTime" : 431.0,
    "minResTime" : 294.0,
    "maxResTime" : 29800.0,
    "pct1ResTime" : 1486.9,
    "pct2ResTime" : 2566.0,
    "pct3ResTime" : 8424.919999999976,
    "throughput" : 49.15856915791371,
    "receivedKBytesPerSec" : 13.009738517377555,
    "sentKBytesPerSec" : 14.209898897209431
  }
}