{
  "Update Booking" : {
    "transaction" : "Update Booking",
    "sampleCount" : 600,
    "errorCount" : 0,
    "errorPct" : 0.0,
    "meanResTime" : 1352.3566666666657,
    "medianResTime" : 1421.5,
    "minResTime" : 300.0,
    "maxResTime" : 1662.0,
    "pct1ResTime" : 1623.9,
    "pct2ResTime" : 1637.9499999999998,
    "pct3ResTime" : 1645.99,
    "throughput" : 104.04022888850356,
    "receivedKBytesPerSec" : 42.67275013005028,
    "sentKBytesPerSec" : 51.410503728108196
  },
  "Delete Booking" : {
    "transaction" : "Delete Booking",
    "sampleCount" : 600,
    "errorCount" : 0,
    "errorPct" : 0.0,
    "meanResTime" : 1077.896666666668,
    "medianResTime" : 1124.5,
    "minResTime" : 304.0,
    "maxResTime" : 1745.0,
    "pct1ResTime" : 1345.6,
    "pct2ResTime" : 1487.0,
    "pct3ResTime" : 1600.8200000000002,
    "throughput" : 112.9730747505178,
    "receivedKBytesPerSec" : 27.36066654114103,
    "sentKBytesPerSec" : 30.780749858783658
  },
  "Create" : {
    "transaction" : "Create",
    "sampleCount" : 600,
    "errorCount" : 0,
    "errorPct" : 0.0,
    "meanResTime" : 3142.721666666664,
    "medianResTime" : 1894.5,
    "minResTime" : 1197.0,
    "maxResTime" : 8403.0,
    "pct1ResTime" : 7357.0,
    "pct2ResTime" : 7855.749999999997,
    "pct3ResTime" : 8339.230000000001,
    "throughput" : 48.262548262548265,
    "receivedKBytesPerSec" : 20.926339285714285,
    "sentKBytesPerSec" : 22.010361365830114
  },
  "Total" : {
    "transaction" : "Total",
    "sampleCount" : 3600,
    "errorCount" : 0,
    "errorPct" : 0.0,
    "meanResTime" : 1237.8113888888906,
    "medianResTime" : 962.5,
    "minResTime" : 293.0,
    "maxResTime" : 8403.0,
    "pct1ResTime" : 1723.0,
    "pct2ResTime" : 3736.0,
    "pct3ResTime" : 7620.909999999998,
    "throughput" : 226.11644997173545,
    "receivedKBytesPerSec" : 81.6286272847183,
    "sentKBytesPerSec" : 73.56881241756172
  },
  "Get Updated Booking" : {
    "transaction" : "Get Updated Booking",
    "sampleCount" : 600,
    "errorCount" : 0,
    "errorPct" : 0.0,
    "meanResTime" : 807.2716666666663,
    "medianResTime" : 808.5,
    "minResTime" : 303.0,
    "maxResTime" : 1457.0,
    "pct1ResTime" : 935.6999999999999,
    "pct2ResTime" : 1084.0,
    "pct3ResTime" : 1131.94,
    "throughput" : 112.02389843166542,
    "receivedKBytesPerSec" : 45.947302091112775,
    "sentKBytesPerSec" : 28.11537294622853
  },
  "Get Booking" : {
    "transaction" : "Get Booking",
    "sampleCount" : 600,
    "errorCount" : 0,
    "errorPct" : 0.0,
    "meanResTime" : 636.8449999999998,
    "medianResTime" : 377.0,
    "minResTime" : 294.0,
    "maxResTime" : 1155.0,
    "pct1ResTime" : 1101.9,
    "pct2ResTime" : 1130.0,
    "pct3ResTime" : 1152.0,
    "throughput" : 127.44265080713679,
    "receivedKBytesPerSec" : 51.64912117672047,
    "sentKBytesPerSec" : 24.144408453695835
  },
  "Create Token" : {
    "transaction" : "Create Token",
    "sampleCount" : 600,
    "errorCount" : 0,
    "errorPct" : 0.0,
    "meanResTime" : 409.77666666666636,
    "medianResTime" : 325.5,
    "minResTime" : 293.0,
    "maxResTime" : 826.0,
    "pct1ResTime" : 545.9,
    "pct2ResTime" : 608.9499999999999,
    "pct3ResTime" : 809.98,
    "throughput" : 127.25344644750794,
    "receivedKBytesPerSec" : 33.67742576882291,
    "sentKBytesPerSec" : 36.78419936373277
  }
}