{
  "Update Booking" : {
    "transaction" : "Update Booking",
    "sampleCount" : 2600,
    "errorCount" : 0,
    "errorPct" : 0.0,
    "meanResTime" : 4014.295769230768,
    "medianResTime" : 1895.0,
    "minResTime" : 296.0,
    "maxResTime" : 30935.0,
    "pct1ResTime" : 9594.400000000001,
    "pct2ResTime" : 11882.599999999999,
    "pct3ResTime" : 17693.849999999933,
    "throughput" : 43.436132179491466,
    "receivedKBytesPerSec" : 17.815601089244545,
    "sentKBytesPerSec" : 21.46261125288182
  },
  "Delete Booking" : {
    "transaction" : "Delete Booking",
    "sampleCount" : 2600,
    "errorCount" : 0,
    "errorPct" : 0.0,
    "meanResTime" : 2836.876538461533,
    "medianResTime" : 1003.0,
    "minResTime" : 289.0,
    "maxResTime" : 25177.0,
    "pct1ResTime" : 7949.300000000001,
    "pct2ResTime" : 10404.699999999999,
    "pct3ResTime" : 14077.15999999996,
    "throughput" : 46.08948450684251,
    "receivedKBytesPerSec" : 11.162297029000921,
    "sentKBytesPerSec" : 12.556580104853577
  },
  "Create" : {
    "transaction" : "Create",
    "sampleCount" : 2600,
    "errorCount" : 0,
    "errorPct" : 0.0,
    "meanResTime" : 21744.26846153844,
    "medianResTime" : 21132.0,
    "minResTime" : 1221.0,
    "maxResTime" : 56060.0,
    "pct1ResTime" : 43887.100000000006,
    "pct2ResTime" : 50948.25,
    "pct3ResTime" : 53699.619999999995,
    "throughput" : 45.56048153924334,
    "receivedKBytesPerSec" : 19.753747513887184,
    "sentKBytesPerSec" : 20.77807117072914
  },
  "Total" : {
    "transaction" : "Total",
    "sampleCount" : 15600,
    "errorCount" : 0,
    "errorPct" : 0.0,
    "meanResTime" : 5486.71352564105,
    "medianResTime" : 1113.5,
    "minResTime" : 289.0,
    "maxResTime" : 56060.0,
    "pct1ResTime" : 16949.599999999966,
    "pct2ResTime" : 33347.29999999999,
    "pct3ResTime" : 50070.45999999995,
    "throughput" : 169.616839907798,
    "receivedKBytesPerSec" : 61.23150507083678,
    "sentKBytesPerSec" : 55.183744781020316
  },
  "Get Updated Booking" : {
    "transaction" : "Get Updated Booking",
    "sampleCount" : 2600,
    "errorCount" : 0,
    "errorPct" : 0.0,
    "meanResTime" : 2059.532692307694,
    "medianResTime" : 928.5,
    "minResTime" : 292.0,
    "maxResTime" : 22280.0,
    "pct1ResTime" : 4601.800000000001,
    "pct2ResTime" : 6630.949999999996,
    "pct3ResTime" : 12990.669999999971,
    "throughput" : 46.53160569833202,
    "receivedKBytesPerSec" : 19.085228899706493,
    "sentKBytesPerSec" : 11.677328761453934
  },
  "Get Booking" : {
    "transaction" : "Get Booking",
    "sampleCount" : 2600,
    "errorCount" : 0,
    "errorPct" : 0.0,
    "meanResTime" : 1638.067692307691,
    "medianResTime" : 642.5,
    "minResTime" : 295.0,
    "maxResTime" : 29354.0,
    "pct1ResTime" : 3883.9,
    "pct2ResTime" : 4948.949999999989,
    "pct3ResTime" : 10137.269999999984,
    "throughput" : 45.51980111348437,
    "receivedKBytesPerSec" : 18.447966271578135,
    "sentKBytesPerSec" : 8.62287692802619
  },
  "Create Token" : {
    "transaction" : "Create Token",
    "sampleCount" : 2600,
    "errorCount" : 0,
    "errorPct" : 0.0,
    "meanResTime" : 627.2399999999991,
    "medianResTime" : 329.0,
    "minResTime" : 295.0,
    "maxResTime" : 16253.0,
    "pct1ResTime" : 649.9000000000001,
    "pct2ResTime" : 1849.5499999999984,
    "pct3ResTime" : 6424.359999999986,
    "throughput" : 43.39118825100134,
    "receivedKBytesPerSec" : 11.48341017189586,
    "sentKBytesPerSec" : 12.542765353805073
  }
}