{
  "Update Booking" : {
    "transaction" : "Update Booking",
    "sampleCount" : 1000,
    "errorCount" : 0,
    "errorPct" : 0.0,
    "meanResTime" : 1480.8389999999993,
    "medianResTime" : 719.0,
    "minResTime" : 258.0,
    "maxResTime" : 11982.0,
    "pct1ResTime" : 4192.499999999999,
    "pct2ResTime" : 6120.8999999999805,
    "pct3ResTime" : 8496.17,
    "throughput" : 57.280329934700426,
    "receivedKBytesPerSec" : 23.493885324779473,
    "sentKBytesPerSec" : 28.247369579848783
  },
  "Delete Booking" : {
    "transaction" : "Delete Booking",
    "sampleCount" : 1000,
    "errorCount" : 0,
    "errorPct" : 0.0,
    "meanResTime" : 795.2719999999995,
    "medianResTime" : 499.0,
    "minResTime" : 257.0,
    "maxResTime" : 7243.0,
    "pct1ResTime" : 1591.9,
    "pct2ResTime" : 2738.749999999997,
    "pct3ResTime" : 5870.99,
    "throughput" : 63.983620193230536,
    "receivedKBytesPerSec" : 15.49603301554802,
    "sentKBytesPerSec" : 17.36917849030648
  },
  "Create" : {
    "transaction" : "Create",
    "sampleCount" : 1000,
    "errorCount" : 0,
    "errorPct" : 0.0,
    "meanResTime" : 6888.130000000014,
    "medianResTime" : 6674.5,
    "minResTime" : 1838.0,
    "maxResTime" : 19583.0,
    "pct1ResTime" : 10790.3,
    "pct2ResTime" : 11656.849999999995,
    "pct3ResTime" : 14798.69,
    "throughput" : 35.4924578527063,
    "receivedKBytesPerSec" : 15.35388476042591,
    "sentKBytesPerSec" : 16.186501774622894
  },
  "Total" : {
    "transaction" : "Total",
    "sampleCount" : 6000,
    "errorCount" : 0,
    "errorPct" : 0.0,
    "meanResTime" : 2308.24716666666,
    "medianResTime" : 904.5,
    "minResTime" : 257.0,
    "maxResTime" : 19583.0,
    "pct1ResTime" : 7000.600000000002,
    "pct2ResTime" : 9096.399999999998,
    "pct3ResTime" : 11659.369999999986,
    "throughput" : 202.7506504916703,
    "receivedKBytesPerSec" : 73.1597870484574,
    "sentKBytesPerSec" : 65.83165782448552
  },
  "Get Updated Booking" : {
    "transaction" : "Get Updated Booking",
    "sampleCount" : 1000,
    "errorCount" : 0,
    "errorPct" : 0.0,
    "meanResTime" : 1045.4640000000002,
    "medianResTime" : 614.0,
    "minResTime" : 257.0,
    "maxResTime" : 8141.0,
    "pct1ResTime" : 2369.5,
    "pct2ResTime" : 4389.099999999989,
    "pct3ResTime" : 6493.380000000001,
    "throughput" : 60.742270546073016,
    "receivedKBytesPerSec" : 24.913821903662758,
    "sentKBytesPerSec" : 15.18426262679949
  },
  "Get Booking" : {
    "transaction" : "Get Booking",
    "sampleCount" : 1000,
    "errorCount" : 0,
    "errorPct" : 0.0,
    "meanResTime" : 1971.5810000000015,
    "medianResTime" : 1021.0,
    "minResTime" : 258.0,
    "maxResTime" : 16059.0,
    "pct1ResTime" : 4775.7,
    "pct2ResTime" : 7208.299999999999,
    "pct3ResTime" : 11138.600000000002,
    "throughput" : 55.04486156217317,
    "receivedKBytesPerSec" : 22.30822026201354,
    "sentKBytesPerSec" : 10.373483686079153
  },
  "Create Token" : {
    "transaction" : "Create Token",
    "sampleCount" : 1000,
    "errorCount" : 0,
    "errorPct" : 0.0,
    "meanResTime" : 1668.1970000000001,
    "medianResTime" : 954.5,
    "minResTime" : 257.0,
    "maxResTime" : 12193.0,
    "pct1ResTime" : 3883.6,
    "pct2ResTime" : 5535.849999999996,
    "pct3ResTime" : 10619.490000000002,
    "throughput" : 55.85344057193923,
    "receivedKBytesPerSec" : 14.781525776362823,
    "sentKBytesPerSec" : 16.145135165326185
  }
}