{
  "Update Booking" : {
    "transaction" : "Update Booking",
    "sampleCount" : 2200,
    "errorCount" : 0,
    "errorPct" : 0.0,
    "meanResTime" : 13283.166363636352,
    "medianResTime" : 17276.5,
    "minResTime" : 324.0,
    "maxResTime" : 19992.0,
    "pct1ResTime" : 18730.9,
    "pct2ResTime" : 18836.95,
    "pct3ResTime" : 19020.97,
    "throughput" : 39.68325546997601,
    "receivedKBytesPerSec" : 16.27633525135735,
    "sentKBytesPerSec" : 19.61652460925522
  },
  "Delete Booking" : {
    "transaction" : "Delete Booking",
    "sampleCount" : 2200,
    "errorCount" : 0,
    "errorPct" : 0.0,
    "meanResTime" : 12305.330454545454,
    "medianResTime" : 13042.5,
    "minResTime" : 2055.0,
    "maxResTime" : 19856.0,
    "pct1ResTime" : 17727.700000000004,
    "pct2ResTime" : 18629.249999999996,
    "pct3ResTime" : 19026.97,
    "throughput" : 33.614986172017055,
    "receivedKBytesPerSec" : 8.14112946353538,
    "sentKBytesPerSec" : 9.165052566389598
  },
  "Create" : {
    "transaction" : "Create",
    "sampleCount" : 2200,
    "errorCount" : 0,
    "errorPct" : 0.0,
    "meanResTime" : 22598.843181818127,
    "medianResTime" : 23546.0,
    "minResTime" : 1213.0,
    "maxResTime" : 60008.0,
    "pct1ResTime" : 45140.50000000002,
    "pct2ResTime" : 51315.44999999999,
    "pct3ResTime" : 57749.59999999999,
    "throughput" : 35.88263117548237,
    "receivedKBytesPerSec" : 15.565190305369347,
    "sentKBytesPerSec" : 16.364442147412372
  },
  "Total" : {
    "transaction" : "Total",
    "sampleCount" : 13200,
    "errorCount" : 0,
    "errorPct" : 0.0,
    "meanResTime" : 10102.704469696937,
    "medianResTime" : 7948.0,
    "minResTime" : 289.0,
    "maxResTime" : 60008.0,
    "pct1ResTime" : 18866.9,
    "pct2ResTime" : 33194.7,
    "pct3ResTime" : 50353.58999999999,
    "throughput" : 130.98226777935443,
    "receivedKBytesPerSec" : 47.289019397407145,
    "sentKBytesPerSec" : 42.63245674856366
  },
  "Get Updated Booking" : {
    "transaction" : "Get Updated Booking",
    "sampleCount" : 2200,
    "errorCount" : 0,
    "errorPct" : 0.0,
    "meanResTime" : 7467.985454545441,
    "medianResTime" : 8255.0,
    "minResTime" : 601.0,
    "maxResTime" : 11408.0,
    "pct1ResTime" : 9798.0,
    "pct2ResTime" : 10352.95,
    "pct3ResTime" : 10695.929999999998,
    "throughput" : 35.49188526441455,
    "receivedKBytesPerSec" : 14.557218565482529,
    "sentKBytesPerSec" : 8.914264032402478
  },
  "Get Booking" : {
    "transaction" : "Get Booking",
    "sampleCount" : 2200,
    "errorCount" : 0,
    "errorPct" : 0.0,
    "meanResTime" : 4585.521818181815,
    "medianResTime" : 3858.0,
    "minResTime" : 300.0,
    "maxResTime" : 10575.0,
    "pct1ResTime" : 8882.7,
    "pct2ResTime" : 9290.95,
    "pct3ResTime" : 9764.96,
    "throughput" : 59.05247617769427,
    "receivedKBytesPerSec" : 23.932400013421017,
    "sentKBytesPerSec" : 11.198711792041337
  },
  "Create Token" : {
    "transaction" : "Create Token",
    "sampleCount" : 2200,
    "errorCount" : 0,
    "errorPct" : 0.0,
    "meanResTime" : 375.379545454545,
    "medianResTime" : 313.0,
    "minResTime" : 289.0,
    "maxResTime" : 5708.0,
    "pct1ResTime" : 389.0,
    "pct2ResTime" : 566.5499999999984,
    "pct3ResTime" : 1354.9399999999987,
    "throughput" : 56.126744393703596,
    "receivedKBytesPerSec" : 14.853855205755542,
    "sentKBytesPerSec" : 16.224137051304947
  }
}